<?xml version="1.0" encoding="UTF-8"?>
<project-private xmlns="http://www.netbeans.org/ns/project-private/1">
    <editor-bookmarks xmlns="http://www.netbeans.org/ns/editor-bookmarks/2" lastBookmarkId="0"/>
    <open-files xmlns="http://www.netbeans.org/ns/projectui-open-files/2">
        <group name="Computer Science">
            <file>file:/home/dotJPEG/NetBeansProjects/WorldofFun%20(2)/src/Skelebash/Menu.java</file>
            <file>file:/home/dotJPEG/NetBeansProjects/WorldofFun%20(2)/src/Skelebash/Treasure.java</file>
            <file>file:/home/dotJPEG/NetBeansProjects/WorldofFun%20(2)/src/Skelebash/Skelebash1.java</file>
            <file>file:/home/dotJPEG/NetBeansProjects/WorldofFun%20(2)/src/Skelebash/ItemWin.java</file>
            <file>file:/home/dotJPEG/NetBeansProjects/WorldofFun%20(2)/src/Skelebash/win.java</file>
            <file>file:/home/dotJPEG/NetBeansProjects/WorldofFun%20(2)/src/Skelebash/Orb.java</file>
            <file>file:/home/dotJPEG/NetBeansProjects/WorldofFun%20(2)/src/Skelebash/Enemy.java</file>
            <file>file:/home/dotJPEG/NetBeansProjects/WorldofFun%20(2)/src/Skelebash/Blocked.java</file>
            <file>file:/home/dotJPEG/NetBeansProjects/WorldofFun%20(2)/src/Skelebash/Main.java</file>
            <file>file:/home/dotJPEG/NetBeansProjects/WorldofFun%20(2)/src/Skelebash/Player.java</file>
            <file>file:/home/dotJPEG/NetBeansProjects/WorldofFun%20(2)/src/Skelebash/lose.java</file>
            <file>file:/home/dotJPEG/NetBeansProjects/WorldofFun%20(2)/src/Skelebash/Camera.java</file>
        </group>
    </open-files>
</project-private>
